hardlf1,ahgedij
hardlf2,ahgedij
softlf1,afgij
softlf2,afgij
hardaoun1,bckln
hardaoun2,bckln
softaoun1,bfckm
softaoun2,bfckm
hardhezb1,klbcn
hardhezb2,klbcn
hardhezb3,klbcn
hardhezb4,klbcn
hardamal1,lknbc
hardamal2,lknbc
hardamal3,lknbc
hardamal4,lknbc
hardfuture1,ijae
hardfuture2,ijae
softfuture1,ifjm
softfurere2,ifjm
hardpsp1,ji
hardpsp2,ji
robert,fdegj
zein,klcbn
dany,aghf
danybro,afge
bibo,ijme
antra,fdmg
ralph,cgbf
may,bcdf
patou,adeji
louis,bcedn
guy,aghb
naji,aghf
ramzi,jmdf
hassan,klbcn
hussein,klcbn
moussa,imfj
youssef,imfj
habib,fgmd
serena,fageij
serge,kcbl
reem,efia
kevin,dgke
jeremy,mkjh
tina,khmc
rami,fdjkm
carine,fgmd
joy,fmg
roya,fmhkjed
andrea,adgh
michael,bkml
lara,mah
yasmina,gfdi
paola,klbc
sahar,fgh
ali,famj
olga,agimn
carole,abcdefg
samer,gamficbj
sara,fdmgdenca
fred,aghifd
carla,gfhij